SAMPLE,MEAN_HOM,MEAN_HET
Cab,0.8305723707826554,0.16942762921734456
Kaga,0.3272448323014257,0.6727551676985742
F1,0.3144531847805406,0.6855468152194595
